INSERT INTO Books (Book_id, Title, Author_id, PublicationDate, Publisher, Price)
VALUES
        (1, 'Божественная комедия', 1, 1321, 'АСТ', 239),
        (2, 'Гамлет', 2, 1603, 'АСТ', 296),
        (3, 'Хитроумный идальго Дон Кихот Ламанчский', 3, 1615, 'Иностранка', 1122),
        (4, 'Фауст', 4, 1808, 'Эксмо', 165),
        (5, 'Гордость и предубеждение', 5, 1813, 'АСТ', 229),
        (6, 'Красное и чёрное', 6, 1830, 'Эксмо', 469),
        (7, 'Преступление и наказание', 7, 1866, 'АСТ', 250),
        (8, 'Финансист', 8, 1912, 'Эксмо', 450),
        (9, 'Процесс', 9, 1925, 'АСТ', 219),
        (10, 'На Западном фронте без перемен', 10, 1929, 'АСТ', 310);

INSERT INTO Authors (Author_id, FirstName, SecondName, Country)
VALUES
        (1, 'Данте', 'Алигьери', 'Италия'),
        (2, 'Уильям', 'Шекспир', 'Англия'),
        (3, 'Мигель де', 'Сервантес', 'Испания'),
        (4, 'Иоганн Вольфганг фон', 'Гёте', 'Германия'),
        (5, 'Джейн', 'Остин', 'Англия'),
        (6, 'Фредерик', 'Стендаль', 'Франция'),
        (7, 'Фёдор', 'Достоевский', 'Россия'),
        (8, 'Теодор', 'Драйзер', 'США'),
        (9, 'Франц', 'Кафка', 'Чехословакия'),
        (10, 'Эрих Мария', 'Ремарк', 'Германия');

INSERT INTO Employees (Employee_id, FirstName, SecondName, Salary, Position, PhoneNumber)
VALUES
        (1, 'Александр', 'Иванов', 50000, 'Администратор', '4573734734'),
        (2, 'Елена', 'Петрова', 35000, 'Продавец-Кассир', '5557778888'),
        (3, 'Максим', 'Сидоров', 35000, 'Продавец-Кассир', '6735737358'),
        (4, 'Ольга', 'Петрова', 35000, 'Продавец-Кассир', '75775878888'),
        (5, 'Дмитрий', 'Смирнов', 45000, 'Бухгалтер', '23457778888');

INSERT INTO Client (Client_id, FirstName, SecondName, Address, PhoneNumber)
VALUES
        (1, 'Анна', 'Морозова', 'ул. Тверская, д. 10, кв. 5, Москва', '5672562626265'),
        (2, 'Павел', 'Никитин', 'просп. Ленина, д. 25, кв. 3, Санкт-Петербург', '83638383863'),
        (3, 'Светлана', 'Иванова', 'ул. Ленинская, д. 7, кв. 12, Екатеринбург', '338383685'),
        (4, 'Игорь', 'Кузнецов', 'пер. Сибирский, д. 3, кв. 8, Новосибирск', '3836835838586'),
        (5, 'Мария', 'Федорова', 'ул. Волгоградская, д. 15, кв. 4, Ростов-на-Дону', '68356823823');

INSERT INTO Orders (Book_id, Order_id, Date, Client_id, Employee_id, Price, Count)
VALUES
        (1, 1, '2024-05-09 10:23:54', 1, 2, 239, 1),
        (5, 2, '2024-05-09 11:33:48', 2, 3, 687, 3),
        (9, 3, '2024-05-08 17:58:26', 3, 4, 219, 1),
        (4, 4, '2024-05-07 20:28:53', 4, 3, 330, 2),
        (7, 5, '2024-05-06 13:46:17', 5, 2, 250, 1);

INSERT INTO EmployeeHistory (Employee_id, Time_start, Time_end, Salary, Position, Action)
VALUES
        (2, '09:00:00', '10:00:00', 35000, 'Продавец-Кассир', 'Подготовка к открытию магазина'),
        (3, '09:30:00', '10:30:00', 35000, 'Продавец-Кассир', 'Выкладка товара на полки'),
        (4, '11:00:00', '12:00:00', 35000, 'Продавец-Кассир', 'Консультирование покупателей'),
        (1, '13:00:00', '14:00:00', 50000, 'Администратор', 'Проведение инвентаризации'),
        (5, '15:00:00', '16:00:00', 45000, 'Бухгалтер', 'Составление отчета о продажах'),
        (2, '17:00:00', '18:00:00', 35000, 'Продавец-Кассир', 'Обслуживание покупателей на кассе'),
        (3, '19:00:00', '20:00:00', 35000, 'Продавец-Кассир', 'Закрытие магазина и сдача выручки');